,label,X0_1,X0_2,X0_3,X1_1,X1_2,X1_3,X2_1,X2_2,X3_1,X3_2,X3_3,X4_1,X4_2,X4_3,X4_4,X5_1,X5_2
0,1,1,0,0,1,0,0,1,0,1,0,0,0,0,1,0,1,0
1,1,1,0,0,1,0,0,1,0,1,0,0,0,0,1,0,0,1
2,1,1,0,0,1,0,0,1,0,0,0,1,0,1,0,0,1,0
3,1,1,0,0,1,0,0,1,0,0,0,1,0,0,1,0,0,1
4,1,1,0,0,1,0,0,0,1,1,0,0,0,1,0,0,1,0
5,1,1,0,0,1,0,0,0,1,1,0,0,0,1,0,0,0,1
6,1,1,0,0,1,0,0,0,1,0,1,0,0,0,1,0,1,0
7,1,1,0,0,1,0,0,0,1,0,1,0,0,0,0,1,1,0
8,1,1,0,0,1,0,0,0,1,0,0,1,1,0,0,0,0,1
9,1,1,0,0,0,1,0,1,0,1,0,0,1,0,0,0,0,1
10,0,1,0,0,0,1,0,1,0,1,0,0,0,1,0,0,1,0
11,0,1,0,0,0,1,0,1,0,1,0,0,0,0,1,0,1,0
12,0,1,0,0,0,1,0,1,0,1,0,0,0,0,0,1,0,1
13,1,1,0,0,0,1,0,1,0,0,1,0,1,0,0,0,1,0
14,0,1,0,0,0,1,0,1,0,0,1,0,0,0,1,0,1,0
15,0,1,0,0,0,1,0,1,0,0,1,0,0,0,1,0,0,1
16,0,1,0,0,0,1,0,1,0,0,1,0,0,0,0,1,0,1
17,0,1,0,0,0,1,0,1,0,0,0,1,0,1,0,0,1,0
18,0,1,0,0,0,1,0,1,0,0,0,1,0,0,0,1,0,1
19,0,1,0,0,0,1,0,0,1,1,0,0,0,1,0,0,0,1
20,0,1,0,0,0,1,0,0,1,0,1,0,0,0,1,0,0,1
21,0,1,0,0,0,1,0,0,1,0,1,0,0,0,0,1,1,0
22,0,1,0,0,0,1,0,0,1,0,1,0,0,0,0,1,0,1
23,0,1,0,0,0,1,0,0,1,0,0,1,0,1,0,0,0,1
24,0,1,0,0,0,1,0,0,1,0,0,1,0,0,1,0,1,0
25,0,1,0,0,0,1,0,0,1,0,0,1,0,0,1,0,0,1
26,0,1,0,0,0,0,1,1,0,1,0,0,0,1,0,0,1,0
27,0,1,0,0,0,0,1,1,0,1,0,0,0,0,0,1,1,0
28,0,1,0,0,0,0,1,1,0,0,1,0,0,1,0,0,1,0
29,0,1,0,0,0,0,1,1,0,0,1,0,0,0,0,1,1,0
30,1,1,0,0,0,0,1,1,0,0,0,1,1,0,0,0,0,1
31,0,1,0,0,0,0,1,1,0,0,0,1,0,1,0,0,0,1
32,0,1,0,0,0,0,1,1,0,0,0,1,0,0,1,0,1,0
33,0,1,0,0,0,0,1,1,0,0,0,1,0,0,0,1,1,0
34,0,1,0,0,0,0,1,1,0,0,0,1,0,0,0,1,0,1
35,0,1,0,0,0,0,1,0,1,1,0,0,0,1,0,0,0,1
36,1,1,0,0,0,0,1,0,1,0,1,0,1,0,0,0,0,1
37,0,1,0,0,0,0,1,0,1,0,1,0,0,1,0,0,0,1
38,0,1,0,0,0,0,1,0,1,0,1,0,0,0,1,0,0,1
39,0,1,0,0,0,0,1,0,1,0,1,0,0,0,0,1,1,0
40,0,1,0,0,0,0,1,0,1,0,1,0,0,0,0,1,0,1
41,1,1,0,0,0,0,1,0,1,0,0,1,1,0,0,0,1,0
42,0,1,0,0,0,0,1,0,1,0,0,1,0,1,0,0,1,0
43,0,1,0,0,0,0,1,0,1,0,0,1,0,0,0,1,1,0
44,0,1,0,0,0,0,1,0,1,0,0,1,0,0,0,1,0,1
45,0,0,1,0,1,0,0,1,0,1,0,0,0,0,1,0,1,0
46,0,0,1,0,1,0,0,1,0,1,0,0,0,0,1,0,0,1
47,1,0,1,0,1,0,0,1,0,0,1,0,1,0,0,0,1,0
48,1,0,1,0,1,0,0,1,0,0,1,0,1,0,0,0,0,1
49,0,0,1,0,1,0,0,1,0,0,1,0,0,1,0,0,0,1
50,0,0,1,0,1,0,0,1,0,0,1,0,0,0,1,0,1,0
51,0,0,1,0,1,0,0,1,0,0,1,0,0,0,0,1,1,0
52,0,0,1,0,1,0,0,1,0,0,1,0,0,0,0,1,0,1
53,0,0,1,0,1,0,0,1,0,0,0,1,0,0,0,1,1,0
54,0,0,1,0,1,0,0,0,1,1,0,0,0,1,0,0,0,1
55,0,0,1,0,1,0,0,0,1,1,0,0,0,0,1,0,1,0
56,0,0,1,0,1,0,0,0,1,1,0,0,0,0,0,1,0,1
57,0,0,1,0,1,0,0,0,1,0,1,0,0,0,1,0,1,0
58,0,0,1,0,1,0,0,0,1,0,1,0,0,0,0,1,0,1
59,0,0,1,0,1,0,0,0,1,0,0,1,0,1,0,0,0,1
60,0,0,1,0,1,0,0,0,1,0,0,1,0,0,0,1,1,0
61,1,0,1,0,0,1,0,1,0,1,0,0,0,1,0,0,1,0
62,1,0,1,0,0,1,0,1,0,1,0,0,0,1,0,0,0,1
63,1,0,1,0,0,1,0,1,0,1,0,0,0,0,1,0,1,0
64,1,0,1,0,0,1,0,1,0,0,1,0,0,0,1,0,0,1
65,1,0,1,0,0,1,0,1,0,0,0,1,1,0,0,0,1,0
66,1,0,1,0,0,1,0,1,0,0,0,1,1,0,0,0,0,1
67,1,0,1,0,0,1,0,1,0,0,0,1,0,1,0,0,0,1
68,1,0,1,0,0,1,0,1,0,0,0,1,0,0,1,0,0,1
69,1,0,1,0,0,1,0,1,0,0,0,1,0,0,0,1,0,1
70,1,0,1,0,0,1,0,0,1,1,0,0,1,0,0,0,1,0
71,1,0,1,0,0,1,0,0,1,1,0,0,0,0,1,0,0,1
72,1,0,1,0,0,1,0,0,1,1,0,0,0,0,0,1,1,0
73,1,0,1,0,0,1,0,0,1,1,0,0,0,0,0,1,0,1
74,1,0,1,0,0,1,0,0,1,0,1,0,0,1,0,0,1,0
75,1,0,1,0,0,1,0,0,1,0,0,1,0,0,0,1,1,0
76,1,0,1,0,0,0,1,1,0,1,0,0,1,0,0,0,1,0
77,1,0,1,0,0,0,1,1,0,0,1,0,1,0,0,0,1,0
78,0,0,1,0,0,0,1,1,0,0,1,0,0,0,1,0,1,0
79,1,0,1,0,0,0,1,1,0,0,0,1,1,0,0,0,0,1
80,0,0,1,0,0,0,1,1,0,0,0,1,0,0,1,0,1,0
81,0,0,1,0,0,0,1,1,0,0,0,1,0,0,0,1,0,1
82,0,0,1,0,0,0,1,0,1,1,0,0,0,0,1,0,0,1
83,1,0,1,0,0,0,1,0,1,0,1,0,1,0,0,0,1,0
84,1,0,1,0,0,0,1,0,1,0,1,0,1,0,0,0,0,1
85,0,0,1,0,0,0,1,0,1,0,1,0,0,1,0,0,1,0
86,0,0,1,0,0,0,1,0,1,0,0,1,0,0,1,0,0,1
87,1,0,0,1,1,0,0,1,0,1,0,0,1,0,0,0,1,0
88,1,0,0,1,1,0,0,1,0,1,0,0,1,0,0,0,0,1
89,1,0,0,1,1,0,0,1,0,0,1,0,1,0,0,0,1,0
90,0,0,0,1,1,0,0,1,0,0,1,0,0,1,0,0,0,1
91,0,0,0,1,1,0,0,1,0,0,0,1,0,1,0,0,0,1
92,1,0,0,1,1,0,0,0,1,1,0,0,1,0,0,0,1,0
93,0,0,0,1,1,0,0,0,1,1,0,0,0,1,0,0,0,1
94,0,0,0,1,1,0,0,0,1,0,1,0,0,1,0,0,0,1
95,0,0,0,1,1,0,0,0,1,0,1,0,0,0,1,0,0,1
96,0,0,0,1,1,0,0,0,1,0,0,1,0,1,0,0,0,1
97,1,0,0,1,0,1,0,1,0,1,0,0,1,0,0,0,1,0
98,0,0,0,1,0,1,0,1,0,1,0,0,0,0,0,1,0,1
99,1,0,0,1,0,1,0,1,0,0,1,0,1,0,0,0,0,1
100,0,0,0,1,0,1,0,1,0,0,1,0,0,0,0,1,0,1
101,1,0,0,1,0,1,0,0,1,1,0,0,1,0,0,0,1,0
102,1,0,0,1,0,1,0,0,1,1,0,0,1,0,0,0,0,1
103,0,0,0,1,0,1,0,0,1,1,0,0,0,0,1,0,0,1
104,1,0,0,1,0,1,0,0,1,0,0,1,1,0,0,0,1,0
105,0,0,0,1,0,1,0,0,1,0,0,1,0,1,0,0,1,0
106,0,0,0,1,0,1,0,0,1,0,0,1,0,0,0,1,1,0
107,1,0,0,1,0,0,1,1,0,1,0,0,1,0,0,0,1,0
108,1,0,0,1,0,0,1,1,0,1,0,0,0,1,0,0,1,0
109,1,0,0,1,0,0,1,1,0,1,0,0,0,0,0,1,0,1
110,1,0,0,1,0,0,1,1,0,0,1,0,0,0,1,0,0,1
111,1,0,0,1,0,0,1,1,0,0,1,0,0,0,0,1,0,1
112,1,0,0,1,0,0,1,1,0,0,0,1,1,0,0,0,0,1
113,1,0,0,1,0,0,1,1,0,0,0,1,0,1,0,0,1,0
114,1,0,0,1,0,0,1,1,0,0,0,1,0,1,0,0,0,1
115,1,0,0,1,0,0,1,1,0,0,0,1,0,0,0,1,0,1
116,1,0,0,1,0,0,1,0,1,1,0,0,1,0,0,0,1,0
117,1,0,0,1,0,0,1,0,1,1,0,0,0,0,1,0,0,1
118,1,0,0,1,0,0,1,0,1,1,0,0,0,0,0,1,1,0
119,1,0,0,1,0,0,1,0,1,1,0,0,0,0,0,1,0,1
120,1,0,0,1,0,0,1,0,1,0,0,1,1,0,0,0,0,1
121,1,0,0,1,0,0,1,0,1,0,0,1,0,1,0,0,0,1
122,1,0,0,1,0,0,1,0,1,0,0,1,0,0,1,0,0,1
123,1,0,0,1,0,0,1,0,1,0,0,1,0,0,0,1,0,1
0,1,1,0,0,1,0,0,1,0,1,0,0,1,0,0,0,1,0
1,1,1,0,0,1,0,0,1,0,1,0,0,1,0,0,0,0,1
2,1,1,0,0,1,0,0,1,0,1,0,0,0,1,0,0,1,0
3,1,1,0,0,1,0,0,1,0,1,0,0,0,1,0,0,0,1
4,1,1,0,0,1,0,0,1,0,1,0,0,0,0,1,0,1,0
5,1,1,0,0,1,0,0,1,0,1,0,0,0,0,1,0,0,1
6,1,1,0,0,1,0,0,1,0,1,0,0,0,0,0,1,1,0
7,1,1,0,0,1,0,0,1,0,1,0,0,0,0,0,1,0,1
8,1,1,0,0,1,0,0,1,0,0,1,0,1,0,0,0,1,0
9,1,1,0,0,1,0,0,1,0,0,1,0,1,0,0,0,0,1
10,1,1,0,0,1,0,0,1,0,0,1,0,0,1,0,0,1,0
11,1,1,0,0,1,0,0,1,0,0,1,0,0,1,0,0,0,1
12,1,1,0,0,1,0,0,1,0,0,1,0,0,0,1,0,1,0
13,1,1,0,0,1,0,0,1,0,0,1,0,0,0,1,0,0,1
14,1,1,0,0,1,0,0,1,0,0,1,0,0,0,0,1,1,0
15,1,1,0,0,1,0,0,1,0,0,1,0,0,0,0,1,0,1
16,1,1,0,0,1,0,0,1,0,0,0,1,1,0,0,0,1,0
17,1,1,0,0,1,0,0,1,0,0,0,1,1,0,0,0,0,1
18,1,1,0,0,1,0,0,1,0,0,0,1,0,1,0,0,1,0
19,1,1,0,0,1,0,0,1,0,0,0,1,0,1,0,0,0,1
20,1,1,0,0,1,0,0,1,0,0,0,1,0,0,1,0,1,0
21,1,1,0,0,1,0,0,1,0,0,0,1,0,0,1,0,0,1
22,1,1,0,0,1,0,0,1,0,0,0,1,0,0,0,1,1,0
23,1,1,0,0,1,0,0,1,0,0,0,1,0,0,0,1,0,1
24,1,1,0,0,1,0,0,0,1,1,0,0,1,0,0,0,1,0
25,1,1,0,0,1,0,0,0,1,1,0,0,1,0,0,0,0,1
26,1,1,0,0,1,0,0,0,1,1,0,0,0,1,0,0,1,0
27,1,1,0,0,1,0,0,0,1,1,0,0,0,1,0,0,0,1
28,1,1,0,0,1,0,0,0,1,1,0,0,0,0,1,0,1,0
29,1,1,0,0,1,0,0,0,1,1,0,0,0,0,1,0,0,1
30,1,1,0,0,1,0,0,0,1,1,0,0,0,0,0,1,1,0
31,1,1,0,0,1,0,0,0,1,1,0,0,0,0,0,1,0,1
32,1,1,0,0,1,0,0,0,1,0,1,0,1,0,0,0,1,0
33,1,1,0,0,1,0,0,0,1,0,1,0,1,0,0,0,0,1
34,1,1,0,0,1,0,0,0,1,0,1,0,0,1,0,0,1,0
35,1,1,0,0,1,0,0,0,1,0,1,0,0,1,0,0,0,1
36,1,1,0,0,1,0,0,0,1,0,1,0,0,0,1,0,1,0
37,1,1,0,0,1,0,0,0,1,0,1,0,0,0,1,0,0,1
38,1,1,0,0,1,0,0,0,1,0,1,0,0,0,0,1,1,0
39,1,1,0,0,1,0,0,0,1,0,1,0,0,0,0,1,0,1
40,1,1,0,0,1,0,0,0,1,0,0,1,1,0,0,0,1,0
41,1,1,0,0,1,0,0,0,1,0,0,1,1,0,0,0,0,1
42,1,1,0,0,1,0,0,0,1,0,0,1,0,1,0,0,1,0
43,1,1,0,0,1,0,0,0,1,0,0,1,0,1,0,0,0,1
44,1,1,0,0,1,0,0,0,1,0,0,1,0,0,1,0,1,0
45,1,1,0,0,1,0,0,0,1,0,0,1,0,0,1,0,0,1
46,1,1,0,0,1,0,0,0,1,0,0,1,0,0,0,1,1,0
47,1,1,0,0,1,0,0,0,1,0,0,1,0,0,0,1,0,1
48,1,1,0,0,0,1,0,1,0,1,0,0,1,0,0,0,1,0
49,1,1,0,0,0,1,0,1,0,1,0,0,1,0,0,0,0,1
50,0,1,0,0,0,1,0,1,0,1,0,0,0,1,0,0,1,0
51,0,1,0,0,0,1,0,1,0,1,0,0,0,1,0,0,0,1
52,0,1,0,0,0,1,0,1,0,1,0,0,0,0,1,0,1,0
53,0,1,0,0,0,1,0,1,0,1,0,0,0,0,1,0,0,1
54,0,1,0,0,0,1,0,1,0,1,0,0,0,0,0,1,1,0
55,0,1,0,0,0,1,0,1,0,1,0,0,0,0,0,1,0,1
56,1,1,0,0,0,1,0,1,0,0,1,0,1,0,0,0,1,0
57,1,1,0,0,0,1,0,1,0,0,1,0,1,0,0,0,0,1
58,0,1,0,0,0,1,0,1,0,0,1,0,0,1,0,0,1,0
59,0,1,0,0,0,1,0,1,0,0,1,0,0,1,0,0,0,1
60,0,1,0,0,0,1,0,1,0,0,1,0,0,0,1,0,1,0
61,0,1,0,0,0,1,0,1,0,0,1,0,0,0,1,0,0,1
62,0,1,0,0,0,1,0,1,0,0,1,0,0,0,0,1,1,0
63,0,1,0,0,0,1,0,1,0,0,1,0,0,0,0,1,0,1
64,1,1,0,0,0,1,0,1,0,0,0,1,1,0,0,0,1,0
65,1,1,0,0,0,1,0,1,0,0,0,1,1,0,0,0,0,1
66,0,1,0,0,0,1,0,1,0,0,0,1,0,1,0,0,1,0
67,0,1,0,0,0,1,0,1,0,0,0,1,0,1,0,0,0,1
68,0,1,0,0,0,1,0,1,0,0,0,1,0,0,1,0,1,0
69,0,1,0,0,0,1,0,1,0,0,0,1,0,0,1,0,0,1
70,0,1,0,0,0,1,0,1,0,0,0,1,0,0,0,1,1,0
71,0,1,0,0,0,1,0,1,0,0,0,1,0,0,0,1,0,1
72,1,1,0,0,0,1,0,0,1,1,0,0,1,0,0,0,1,0
73,1,1,0,0,0,1,0,0,1,1,0,0,1,0,0,0,0,1
74,0,1,0,0,0,1,0,0,1,1,0,0,0,1,0,0,1,0
75,0,1,0,0,0,1,0,0,1,1,0,0,0,1,0,0,0,1
76,0,1,0,0,0,1,0,0,1,1,0,0,0,0,1,0,1,0
77,0,1,0,0,0,1,0,0,1,1,0,0,0,0,1,0,0,1
78,0,1,0,0,0,1,0,0,1,1,0,0,0,0,0,1,1,0
79,0,1,0,0,0,1,0,0,1,1,0,0,0,0,0,1,0,1
80,1,1,0,0,0,1,0,0,1,0,1,0,1,0,0,0,1,0
81,1,1,0,0,0,1,0,0,1,0,1,0,1,0,0,0,0,1
82,0,1,0,0,0,1,0,0,1,0,1,0,0,1,0,0,1,0
83,0,1,0,0,0,1,0,0,1,0,1,0,0,1,0,0,0,1
84,0,1,0,0,0,1,0,0,1,0,1,0,0,0,1,0,1,0
85,0,1,0,0,0,1,0,0,1,0,1,0,0,0,1,0,0,1
86,0,1,0,0,0,1,0,0,1,0,1,0,0,0,0,1,1,0
87,0,1,0,0,0,1,0,0,1,0,1,0,0,0,0,1,0,1
88,1,1,0,0,0,1,0,0,1,0,0,1,1,0,0,0,1,0
89,1,1,0,0,0,1,0,0,1,0,0,1,1,0,0,0,0,1
90,0,1,0,0,0,1,0,0,1,0,0,1,0,1,0,0,1,0
91,0,1,0,0,0,1,0,0,1,0,0,1,0,1,0,0,0,1
92,0,1,0,0,0,1,0,0,1,0,0,1,0,0,1,0,1,0
93,0,1,0,0,0,1,0,0,1,0,0,1,0,0,1,0,0,1
94,0,1,0,0,0,1,0,0,1,0,0,1,0,0,0,1,1,0
95,0,1,0,0,0,1,0,0,1,0,0,1,0,0,0,1,0,1
96,1,1,0,0,0,0,1,1,0,1,0,0,1,0,0,0,1,0
97,1,1,0,0,0,0,1,1,0,1,0,0,1,0,0,0,0,1
98,0,1,0,0,0,0,1,1,0,1,0,0,0,1,0,0,1,0
99,0,1,0,0,0,0,1,1,0,1,0,0,0,1,0,0,0,1
100,0,1,0,0,0,0,1,1,0,1,0,0,0,0,1,0,1,0
101,0,1,0,0,0,0,1,1,0,1,0,0,0,0,1,0,0,1
102,0,1,0,0,0,0,1,1,0,1,0,0,0,0,0,1,1,0
103,0,1,0,0,0,0,1,1,0,1,0,0,0,0,0,1,0,1
104,1,1,0,0,0,0,1,1,0,0,1,0,1,0,0,0,1,0
105,1,1,0,0,0,0,1,1,0,0,1,0,1,0,0,0,0,1
106,0,1,0,0,0,0,1,1,0,0,1,0,0,1,0,0,1,0
107,0,1,0,0,0,0,1,1,0,0,1,0,0,1,0,0,0,1
108,0,1,0,0,0,0,1,1,0,0,1,0,0,0,1,0,1,0
109,0,1,0,0,0,0,1,1,0,0,1,0,0,0,1,0,0,1
110,0,1,0,0,0,0,1,1,0,0,1,0,0,0,0,1,1,0
111,0,1,0,0,0,0,1,1,0,0,1,0,0,0,0,1,0,1
112,1,1,0,0,0,0,1,1,0,0,0,1,1,0,0,0,1,0
113,1,1,0,0,0,0,1,1,0,0,0,1,1,0,0,0,0,1
114,0,1,0,0,0,0,1,1,0,0,0,1,0,1,0,0,1,0
115,0,1,0,0,0,0,1,1,0,0,0,1,0,1,0,0,0,1
116,0,1,0,0,0,0,1,1,0,0,0,1,0,0,1,0,1,0
117,0,1,0,0,0,0,1,1,0,0,0,1,0,0,1,0,0,1
118,0,1,0,0,0,0,1,1,0,0,0,1,0,0,0,1,1,0
119,0,1,0,0,0,0,1,1,0,0,0,1,0,0,0,1,0,1
120,1,1,0,0,0,0,1,0,1,1,0,0,1,0,0,0,1,0
121,1,1,0,0,0,0,1,0,1,1,0,0,1,0,0,0,0,1
122,0,1,0,0,0,0,1,0,1,1,0,0,0,1,0,0,1,0
123,0,1,0,0,0,0,1,0,1,1,0,0,0,1,0,0,0,1
124,0,1,0,0,0,0,1,0,1,1,0,0,0,0,1,0,1,0
125,0,1,0,0,0,0,1,0,1,1,0,0,0,0,1,0,0,1
126,0,1,0,0,0,0,1,0,1,1,0,0,0,0,0,1,1,0
127,0,1,0,0,0,0,1,0,1,1,0,0,0,0,0,1,0,1
128,1,1,0,0,0,0,1,0,1,0,1,0,1,0,0,0,1,0
129,1,1,0,0,0,0,1,0,1,0,1,0,1,0,0,0,0,1
130,0,1,0,0,0,0,1,0,1,0,1,0,0,1,0,0,1,0
131,0,1,0,0,0,0,1,0,1,0,1,0,0,1,0,0,0,1
132,0,1,0,0,0,0,1,0,1,0,1,0,0,0,1,0,1,0
133,0,1,0,0,0,0,1,0,1,0,1,0,0,0,1,0,0,1
134,0,1,0,0,0,0,1,0,1,0,1,0,0,0,0,1,1,0
135,0,1,0,0,0,0,1,0,1,0,1,0,0,0,0,1,0,1
136,1,1,0,0,0,0,1,0,1,0,0,1,1,0,0,0,1,0
137,1,1,0,0,0,0,1,0,1,0,0,1,1,0,0,0,0,1
138,0,1,0,0,0,0,1,0,1,0,0,1,0,1,0,0,1,0
139,0,1,0,0,0,0,1,0,1,0,0,1,0,1,0,0,0,1
140,0,1,0,0,0,0,1,0,1,0,0,1,0,0,1,0,1,0
141,0,1,0,0,0,0,1,0,1,0,0,1,0,0,1,0,0,1
142,0,1,0,0,0,0,1,0,1,0,0,1,0,0,0,1,1,0
143,0,1,0,0,0,0,1,0,1,0,0,1,0,0,0,1,0,1
144,1,0,1,0,1,0,0,1,0,1,0,0,1,0,0,0,1,0
145,1,0,1,0,1,0,0,1,0,1,0,0,1,0,0,0,0,1
146,0,0,1,0,1,0,0,1,0,1,0,0,0,1,0,0,1,0
147,0,0,1,0,1,0,0,1,0,1,0,0,0,1,0,0,0,1
148,0,0,1,0,1,0,0,1,0,1,0,0,0,0,1,0,1,0
149,0,0,1,0,1,0,0,1,0,1,0,0,0,0,1,0,0,1
150,0,0,1,0,1,0,0,1,0,1,0,0,0,0,0,1,1,0
151,0,0,1,0,1,0,0,1,0,1,0,0,0,0,0,1,0,1
152,1,0,1,0,1,0,0,1,0,0,1,0,1,0,0,0,1,0
153,1,0,1,0,1,0,0,1,0,0,1,0,1,0,0,0,0,1
154,0,0,1,0,1,0,0,1,0,0,1,0,0,1,0,0,1,0
155,0,0,1,0,1,0,0,1,0,0,1,0,0,1,0,0,0,1
156,0,0,1,0,1,0,0,1,0,0,1,0,0,0,1,0,1,0
157,0,0,1,0,1,0,0,1,0,0,1,0,0,0,1,0,0,1
158,0,0,1,0,1,0,0,1,0,0,1,0,0,0,0,1,1,0
159,0,0,1,0,1,0,0,1,0,0,1,0,0,0,0,1,0,1
160,1,0,1,0,1,0,0,1,0,0,0,1,1,0,0,0,1,0
161,1,0,1,0,1,0,0,1,0,0,0,1,1,0,0,0,0,1
162,0,0,1,0,1,0,0,1,0,0,0,1,0,1,0,0,1,0
163,0,0,1,0,1,0,0,1,0,0,0,1,0,1,0,0,0,1
164,0,0,1,0,1,0,0,1,0,0,0,1,0,0,1,0,1,0
165,0,0,1,0,1,0,0,1,0,0,0,1,0,0,1,0,0,1
166,0,0,1,0,1,0,0,1,0,0,0,1,0,0,0,1,1,0
167,0,0,1,0,1,0,0,1,0,0,0,1,0,0,0,1,0,1
168,1,0,1,0,1,0,0,0,1,1,0,0,1,0,0,0,1,0
169,1,0,1,0,1,0,0,0,1,1,0,0,1,0,0,0,0,1
170,0,0,1,0,1,0,0,0,1,1,0,0,0,1,0,0,1,0
171,0,0,1,0,1,0,0,0,1,1,0,0,0,1,0,0,0,1
172,0,0,1,0,1,0,0,0,1,1,0,0,0,0,1,0,1,0
173,0,0,1,0,1,0,0,0,1,1,0,0,0,0,1,0,0,1
174,0,0,1,0,1,0,0,0,1,1,0,0,0,0,0,1,1,0
175,0,0,1,0,1,0,0,0,1,1,0,0,0,0,0,1,0,1
176,1,0,1,0,1,0,0,0,1,0,1,0,1,0,0,0,1,0
177,1,0,1,0,1,0,0,0,1,0,1,0,1,0,0,0,0,1
178,0,0,1,0,1,0,0,0,1,0,1,0,0,1,0,0,1,0
179,0,0,1,0,1,0,0,0,1,0,1,0,0,1,0,0,0,1
180,0,0,1,0,1,0,0,0,1,0,1,0,0,0,1,0,1,0
181,0,0,1,0,1,0,0,0,1,0,1,0,0,0,1,0,0,1
182,0,0,1,0,1,0,0,0,1,0,1,0,0,0,0,1,1,0
183,0,0,1,0,1,0,0,0,1,0,1,0,0,0,0,1,0,1
184,1,0,1,0,1,0,0,0,1,0,0,1,1,0,0,0,1,0
185,1,0,1,0,1,0,0,0,1,0,0,1,1,0,0,0,0,1
186,0,0,1,0,1,0,0,0,1,0,0,1,0,1,0,0,1,0
187,0,0,1,0,1,0,0,0,1,0,0,1,0,1,0,0,0,1
188,0,0,1,0,1,0,0,0,1,0,0,1,0,0,1,0,1,0
189,0,0,1,0,1,0,0,0,1,0,0,1,0,0,1,0,0,1
190,0,0,1,0,1,0,0,0,1,0,0,1,0,0,0,1,1,0
191,0,0,1,0,1,0,0,0,1,0,0,1,0,0,0,1,0,1
192,1,0,1,0,0,1,0,1,0,1,0,0,1,0,0,0,1,0
193,1,0,1,0,0,1,0,1,0,1,0,0,1,0,0,0,0,1
194,1,0,1,0,0,1,0,1,0,1,0,0,0,1,0,0,1,0
195,1,0,1,0,0,1,0,1,0,1,0,0,0,1,0,0,0,1
196,1,0,1,0,0,1,0,1,0,1,0,0,0,0,1,0,1,0
197,1,0,1,0,0,1,0,1,0,1,0,0,0,0,1,0,0,1
198,1,0,1,0,0,1,0,1,0,1,0,0,0,0,0,1,1,0
199,1,0,1,0,0,1,0,1,0,1,0,0,0,0,0,1,0,1
200,1,0,1,0,0,1,0,1,0,0,1,0,1,0,0,0,1,0
201,1,0,1,0,0,1,0,1,0,0,1,0,1,0,0,0,0,1
202,1,0,1,0,0,1,0,1,0,0,1,0,0,1,0,0,1,0
203,1,0,1,0,0,1,0,1,0,0,1,0,0,1,0,0,0,1
204,1,0,1,0,0,1,0,1,0,0,1,0,0,0,1,0,1,0
205,1,0,1,0,0,1,0,1,0,0,1,0,0,0,1,0,0,1
206,1,0,1,0,0,1,0,1,0,0,1,0,0,0,0,1,1,0
207,1,0,1,0,0,1,0,1,0,0,1,0,0,0,0,1,0,1
208,1,0,1,0,0,1,0,1,0,0,0,1,1,0,0,0,1,0
209,1,0,1,0,0,1,0,1,0,0,0,1,1,0,0,0,0,1
210,1,0,1,0,0,1,0,1,0,0,0,1,0,1,0,0,1,0
211,1,0,1,0,0,1,0,1,0,0,0,1,0,1,0,0,0,1
212,1,0,1,0,0,1,0,1,0,0,0,1,0,0,1,0,1,0
213,1,0,1,0,0,1,0,1,0,0,0,1,0,0,1,0,0,1
214,1,0,1,0,0,1,0,1,0,0,0,1,0,0,0,1,1,0
215,1,0,1,0,0,1,0,1,0,0,0,1,0,0,0,1,0,1
216,1,0,1,0,0,1,0,0,1,1,0,0,1,0,0,0,1,0
217,1,0,1,0,0,1,0,0,1,1,0,0,1,0,0,0,0,1
218,1,0,1,0,0,1,0,0,1,1,0,0,0,1,0,0,1,0
219,1,0,1,0,0,1,0,0,1,1,0,0,0,1,0,0,0,1
220,1,0,1,0,0,1,0,0,1,1,0,0,0,0,1,0,1,0
221,1,0,1,0,0,1,0,0,1,1,0,0,0,0,1,0,0,1
222,1,0,1,0,0,1,0,0,1,1,0,0,0,0,0,1,1,0
223,1,0,1,0,0,1,0,0,1,1,0,0,0,0,0,1,0,1
224,1,0,1,0,0,1,0,0,1,0,1,0,1,0,0,0,1,0
225,1,0,1,0,0,1,0,0,1,0,1,0,1,0,0,0,0,1
226,1,0,1,0,0,1,0,0,1,0,1,0,0,1,0,0,1,0
227,1,0,1,0,0,1,0,0,1,0,1,0,0,1,0,0,0,1
228,1,0,1,0,0,1,0,0,1,0,1,0,0,0,1,0,1,0
229,1,0,1,0,0,1,0,0,1,0,1,0,0,0,1,0,0,1
230,1,0,1,0,0,1,0,0,1,0,1,0,0,0,0,1,1,0
231,1,0,1,0,0,1,0,0,1,0,1,0,0,0,0,1,0,1
232,1,0,1,0,0,1,0,0,1,0,0,1,1,0,0,0,1,0
233,1,0,1,0,0,1,0,0,1,0,0,1,1,0,0,0,0,1
234,1,0,1,0,0,1,0,0,1,0,0,1,0,1,0,0,1,0
235,1,0,1,0,0,1,0,0,1,0,0,1,0,1,0,0,0,1
236,1,0,1,0,0,1,0,0,1,0,0,1,0,0,1,0,1,0
237,1,0,1,0,0,1,0,0,1,0,0,1,0,0,1,0,0,1
238,1,0,1,0,0,1,0,0,1,0,0,1,0,0,0,1,1,0
239,1,0,1,0,0,1,0,0,1,0,0,1,0,0,0,1,0,1
240,1,0,1,0,0,0,1,1,0,1,0,0,1,0,0,0,1,0
241,1,0,1,0,0,0,1,1,0,1,0,0,1,0,0,0,0,1
242,0,0,1,0,0,0,1,1,0,1,0,0,0,1,0,0,1,0
243,0,0,1,0,0,0,1,1,0,1,0,0,0,1,0,0,0,1
244,0,0,1,0,0,0,1,1,0,1,0,0,0,0,1,0,1,0
245,0,0,1,0,0,0,1,1,0,1,0,0,0,0,1,0,0,1
246,0,0,1,0,0,0,1,1,0,1,0,0,0,0,0,1,1,0
247,0,0,1,0,0,0,1,1,0,1,0,0,0,0,0,1,0,1
248,1,0,1,0,0,0,1,1,0,0,1,0,1,0,0,0,1,0
249,1,0,1,0,0,0,1,1,0,0,1,0,1,0,0,0,0,1
250,0,0,1,0,0,0,1,1,0,0,1,0,0,1,0,0,1,0
251,0,0,1,0,0,0,1,1,0,0,1,0,0,1,0,0,0,1
252,0,0,1,0,0,0,1,1,0,0,1,0,0,0,1,0,1,0
253,0,0,1,0,0,0,1,1,0,0,1,0,0,0,1,0,0,1
254,0,0,1,0,0,0,1,1,0,0,1,0,0,0,0,1,1,0
255,0,0,1,0,0,0,1,1,0,0,1,0,0,0,0,1,0,1
256,1,0,1,0,0,0,1,1,0,0,0,1,1,0,0,0,1,0
257,1,0,1,0,0,0,1,1,0,0,0,1,1,0,0,0,0,1
258,0,0,1,0,0,0,1,1,0,0,0,1,0,1,0,0,1,0
259,0,0,1,0,0,0,1,1,0,0,0,1,0,1,0,0,0,1
260,0,0,1,0,0,0,1,1,0,0,0,1,0,0,1,0,1,0
261,0,0,1,0,0,0,1,1,0,0,0,1,0,0,1,0,0,1
262,0,0,1,0,0,0,1,1,0,0,0,1,0,0,0,1,1,0
263,0,0,1,0,0,0,1,1,0,0,0,1,0,0,0,1,0,1
264,1,0,1,0,0,0,1,0,1,1,0,0,1,0,0,0,1,0
265,1,0,1,0,0,0,1,0,1,1,0,0,1,0,0,0,0,1
266,0,0,1,0,0,0,1,0,1,1,0,0,0,1,0,0,1,0
267,0,0,1,0,0,0,1,0,1,1,0,0,0,1,0,0,0,1
268,0,0,1,0,0,0,1,0,1,1,0,0,0,0,1,0,1,0
269,0,0,1,0,0,0,1,0,1,1,0,0,0,0,1,0,0,1
270,0,0,1,0,0,0,1,0,1,1,0,0,0,0,0,1,1,0
271,0,0,1,0,0,0,1,0,1,1,0,0,0,0,0,1,0,1
272,1,0,1,0,0,0,1,0,1,0,1,0,1,0,0,0,1,0
273,1,0,1,0,0,0,1,0,1,0,1,0,1,0,0,0,0,1
274,0,0,1,0,0,0,1,0,1,0,1,0,0,1,0,0,1,0
275,0,0,1,0,0,0,1,0,1,0,1,0,0,1,0,0,0,1
276,0,0,1,0,0,0,1,0,1,0,1,0,0,0,1,0,1,0
277,0,0,1,0,0,0,1,0,1,0,1,0,0,0,1,0,0,1
278,0,0,1,0,0,0,1,0,1,0,1,0,0,0,0,1,1,0
279,0,0,1,0,0,0,1,0,1,0,1,0,0,0,0,1,0,1
280,1,0,1,0,0,0,1,0,1,0,0,1,1,0,0,0,1,0
281,1,0,1,0,0,0,1,0,1,0,0,1,1,0,0,0,0,1
282,0,0,1,0,0,0,1,0,1,0,0,1,0,1,0,0,1,0
283,0,0,1,0,0,0,1,0,1,0,0,1,0,1,0,0,0,1
284,0,0,1,0,0,0,1,0,1,0,0,1,0,0,1,0,1,0
285,0,0,1,0,0,0,1,0,1,0,0,1,0,0,1,0,0,1
286,0,0,1,0,0,0,1,0,1,0,0,1,0,0,0,1,1,0
287,0,0,1,0,0,0,1,0,1,0,0,1,0,0,0,1,0,1
288,1,0,0,1,1,0,0,1,0,1,0,0,1,0,0,0,1,0
289,1,0,0,1,1,0,0,1,0,1,0,0,1,0,0,0,0,1
290,0,0,0,1,1,0,0,1,0,1,0,0,0,1,0,0,1,0
291,0,0,0,1,1,0,0,1,0,1,0,0,0,1,0,0,0,1
292,0,0,0,1,1,0,0,1,0,1,0,0,0,0,1,0,1,0
293,0,0,0,1,1,0,0,1,0,1,0,0,0,0,1,0,0,1
294,0,0,0,1,1,0,0,1,0,1,0,0,0,0,0,1,1,0
295,0,0,0,1,1,0,0,1,0,1,0,0,0,0,0,1,0,1
296,1,0,0,1,1,0,0,1,0,0,1,0,1,0,0,0,1,0
297,1,0,0,1,1,0,0,1,0,0,1,0,1,0,0,0,0,1
298,0,0,0,1,1,0,0,1,0,0,1,0,0,1,0,0,1,0
299,0,0,0,1,1,0,0,1,0,0,1,0,0,1,0,0,0,1
300,0,0,0,1,1,0,0,1,0,0,1,0,0,0,1,0,1,0
301,0,0,0,1,1,0,0,1,0,0,1,0,0,0,1,0,0,1
302,0,0,0,1,1,0,0,1,0,0,1,0,0,0,0,1,1,0
303,0,0,0,1,1,0,0,1,0,0,1,0,0,0,0,1,0,1
304,1,0,0,1,1,0,0,1,0,0,0,1,1,0,0,0,1,0
305,1,0,0,1,1,0,0,1,0,0,0,1,1,0,0,0,0,1
306,0,0,0,1,1,0,0,1,0,0,0,1,0,1,0,0,1,0
307,0,0,0,1,1,0,0,1,0,0,0,1,0,1,0,0,0,1
308,0,0,0,1,1,0,0,1,0,0,0,1,0,0,1,0,1,0
309,0,0,0,1,1,0,0,1,0,0,0,1,0,0,1,0,0,1
310,0,0,0,1,1,0,0,1,0,0,0,1,0,0,0,1,1,0
311,0,0,0,1,1,0,0,1,0,0,0,1,0,0,0,1,0,1
312,1,0,0,1,1,0,0,0,1,1,0,0,1,0,0,0,1,0
313,1,0,0,1,1,0,0,0,1,1,0,0,1,0,0,0,0,1
314,0,0,0,1,1,0,0,0,1,1,0,0,0,1,0,0,1,0
315,0,0,0,1,1,0,0,0,1,1,0,0,0,1,0,0,0,1
316,0,0,0,1,1,0,0,0,1,1,0,0,0,0,1,0,1,0
317,0,0,0,1,1,0,0,0,1,1,0,0,0,0,1,0,0,1
318,0,0,0,1,1,0,0,0,1,1,0,0,0,0,0,1,1,0
319,0,0,0,1,1,0,0,0,1,1,0,0,0,0,0,1,0,1
320,1,0,0,1,1,0,0,0,1,0,1,0,1,0,0,0,1,0
321,1,0,0,1,1,0,0,0,1,0,1,0,1,0,0,0,0,1
322,0,0,0,1,1,0,0,0,1,0,1,0,0,1,0,0,1,0
323,0,0,0,1,1,0,0,0,1,0,1,0,0,1,0,0,0,1
324,0,0,0,1,1,0,0,0,1,0,1,0,0,0,1,0,1,0
325,0,0,0,1,1,0,0,0,1,0,1,0,0,0,1,0,0,1
326,0,0,0,1,1,0,0,0,1,0,1,0,0,0,0,1,1,0
327,0,0,0,1,1,0,0,0,1,0,1,0,0,0,0,1,0,1
328,1,0,0,1,1,0,0,0,1,0,0,1,1,0,0,0,1,0
329,1,0,0,1,1,0,0,0,1,0,0,1,1,0,0,0,0,1
330,0,0,0,1,1,0,0,0,1,0,0,1,0,1,0,0,1,0
331,0,0,0,1,1,0,0,0,1,0,0,1,0,1,0,0,0,1
332,0,0,0,1,1,0,0,0,1,0,0,1,0,0,1,0,1,0
333,0,0,0,1,1,0,0,0,1,0,0,1,0,0,1,0,0,1
334,0,0,0,1,1,0,0,0,1,0,0,1,0,0,0,1,1,0
335,0,0,0,1,1,0,0,0,1,0,0,1,0,0,0,1,0,1
336,1,0,0,1,0,1,0,1,0,1,0,0,1,0,0,0,1,0
337,1,0,0,1,0,1,0,1,0,1,0,0,1,0,0,0,0,1
338,0,0,0,1,0,1,0,1,0,1,0,0,0,1,0,0,1,0
339,0,0,0,1,0,1,0,1,0,1,0,0,0,1,0,0,0,1
340,0,0,0,1,0,1,0,1,0,1,0,0,0,0,1,0,1,0
341,0,0,0,1,0,1,0,1,0,1,0,0,0,0,1,0,0,1
342,0,0,0,1,0,1,0,1,0,1,0,0,0,0,0,1,1,0
343,0,0,0,1,0,1,0,1,0,1,0,0,0,0,0,1,0,1
344,1,0,0,1,0,1,0,1,0,0,1,0,1,0,0,0,1,0
345,1,0,0,1,0,1,0,1,0,0,1,0,1,0,0,0,0,1
346,0,0,0,1,0,1,0,1,0,0,1,0,0,1,0,0,1,0
347,0,0,0,1,0,1,0,1,0,0,1,0,0,1,0,0,0,1
348,0,0,0,1,0,1,0,1,0,0,1,0,0,0,1,0,1,0
349,0,0,0,1,0,1,0,1,0,0,1,0,0,0,1,0,0,1
350,0,0,0,1,0,1,0,1,0,0,1,0,0,0,0,1,1,0
351,0,0,0,1,0,1,0,1,0,0,1,0,0,0,0,1,0,1
352,1,0,0,1,0,1,0,1,0,0,0,1,1,0,0,0,1,0
353,1,0,0,1,0,1,0,1,0,0,0,1,1,0,0,0,0,1
354,0,0,0,1,0,1,0,1,0,0,0,1,0,1,0,0,1,0
355,0,0,0,1,0,1,0,1,0,0,0,1,0,1,0,0,0,1
356,0,0,0,1,0,1,0,1,0,0,0,1,0,0,1,0,1,0
357,0,0,0,1,0,1,0,1,0,0,0,1,0,0,1,0,0,1
358,0,0,0,1,0,1,0,1,0,0,0,1,0,0,0,1,1,0
359,0,0,0,1,0,1,0,1,0,0,0,1,0,0,0,1,0,1
360,1,0,0,1,0,1,0,0,1,1,0,0,1,0,0,0,1,0
361,1,0,0,1,0,1,0,0,1,1,0,0,1,0,0,0,0,1
362,0,0,0,1,0,1,0,0,1,1,0,0,0,1,0,0,1,0
363,0,0,0,1,0,1,0,0,1,1,0,0,0,1,0,0,0,1
364,0,0,0,1,0,1,0,0,1,1,0,0,0,0,1,0,1,0
365,0,0,0,1,0,1,0,0,1,1,0,0,0,0,1,0,0,1
366,0,0,0,1,0,1,0,0,1,1,0,0,0,0,0,1,1,0
367,0,0,0,1,0,1,0,0,1,1,0,0,0,0,0,1,0,1
368,1,0,0,1,0,1,0,0,1,0,1,0,1,0,0,0,1,0
369,1,0,0,1,0,1,0,0,1,0,1,0,1,0,0,0,0,1
370,0,0,0,1,0,1,0,0,1,0,1,0,0,1,0,0,1,0
371,0,0,0,1,0,1,0,0,1,0,1,0,0,1,0,0,0,1
372,0,0,0,1,0,1,0,0,1,0,1,0,0,0,1,0,1,0
373,0,0,0,1,0,1,0,0,1,0,1,0,0,0,1,0,0,1
374,0,0,0,1,0,1,0,0,1,0,1,0,0,0,0,1,1,0
375,0,0,0,1,0,1,0,0,1,0,1,0,0,0,0,1,0,1
376,1,0,0,1,0,1,0,0,1,0,0,1,1,0,0,0,1,0
377,1,0,0,1,0,1,0,0,1,0,0,1,1,0,0,0,0,1
378,0,0,0,1,0,1,0,0,1,0,0,1,0,1,0,0,1,0
379,0,0,0,1,0,1,0,0,1,0,0,1,0,1,0,0,0,1
380,0,0,0,1,0,1,0,0,1,0,0,1,0,0,1,0,1,0
381,0,0,0,1,0,1,0,0,1,0,0,1,0,0,1,0,0,1
382,0,0,0,1,0,1,0,0,1,0,0,1,0,0,0,1,1,0
383,0,0,0,1,0,1,0,0,1,0,0,1,0,0,0,1,0,1
384,1,0,0,1,0,0,1,1,0,1,0,0,1,0,0,0,1,0
385,1,0,0,1,0,0,1,1,0,1,0,0,1,0,0,0,0,1
386,1,0,0,1,0,0,1,1,0,1,0,0,0,1,0,0,1,0
387,1,0,0,1,0,0,1,1,0,1,0,0,0,1,0,0,0,1
388,1,0,0,1,0,0,1,1,0,1,0,0,0,0,1,0,1,0
389,1,0,0,1,0,0,1,1,0,1,0,0,0,0,1,0,0,1
390,1,0,0,1,0,0,1,1,0,1,0,0,0,0,0,1,1,0
391,1,0,0,1,0,0,1,1,0,1,0,0,0,0,0,1,0,1
392,1,0,0,1,0,0,1,1,0,0,1,0,1,0,0,0,1,0
393,1,0,0,1,0,0,1,1,0,0,1,0,1,0,0,0,0,1
394,1,0,0,1,0,0,1,1,0,0,1,0,0,1,0,0,1,0
395,1,0,0,1,0,0,1,1,0,0,1,0,0,1,0,0,0,1
396,1,0,0,1,0,0,1,1,0,0,1,0,0,0,1,0,1,0
397,1,0,0,1,0,0,1,1,0,0,1,0,0,0,1,0,0,1
398,1,0,0,1,0,0,1,1,0,0,1,0,0,0,0,1,1,0
399,1,0,0,1,0,0,1,1,0,0,1,0,0,0,0,1,0,1
400,1,0,0,1,0,0,1,1,0,0,0,1,1,0,0,0,1,0
401,1,0,0,1,0,0,1,1,0,0,0,1,1,0,0,0,0,1
402,1,0,0,1,0,0,1,1,0,0,0,1,0,1,0,0,1,0
403,1,0,0,1,0,0,1,1,0,0,0,1,0,1,0,0,0,1
404,1,0,0,1,0,0,1,1,0,0,0,1,0,0,1,0,1,0
405,1,0,0,1,0,0,1,1,0,0,0,1,0,0,1,0,0,1
406,1,0,0,1,0,0,1,1,0,0,0,1,0,0,0,1,1,0
407,1,0,0,1,0,0,1,1,0,0,0,1,0,0,0,1,0,1
408,1,0,0,1,0,0,1,0,1,1,0,0,1,0,0,0,1,0
409,1,0,0,1,0,0,1,0,1,1,0,0,1,0,0,0,0,1
410,1,0,0,1,0,0,1,0,1,1,0,0,0,1,0,0,1,0
411,1,0,0,1,0,0,1,0,1,1,0,0,0,1,0,0,0,1
412,1,0,0,1,0,0,1,0,1,1,0,0,0,0,1,0,1,0
413,1,0,0,1,0,0,1,0,1,1,0,0,0,0,1,0,0,1
414,1,0,0,1,0,0,1,0,1,1,0,0,0,0,0,1,1,0
415,1,0,0,1,0,0,1,0,1,1,0,0,0,0,0,1,0,1
416,1,0,0,1,0,0,1,0,1,0,1,0,1,0,0,0,1,0
417,1,0,0,1,0,0,1,0,1,0,1,0,1,0,0,0,0,1
418,1,0,0,1,0,0,1,0,1,0,1,0,0,1,0,0,1,0
419,1,0,0,1,0,0,1,0,1,0,1,0,0,1,0,0,0,1
420,1,0,0,1,0,0,1,0,1,0,1,0,0,0,1,0,1,0
421,1,0,0,1,0,0,1,0,1,0,1,0,0,0,1,0,0,1
422,1,0,0,1,0,0,1,0,1,0,1,0,0,0,0,1,1,0
423,1,0,0,1,0,0,1,0,1,0,1,0,0,0,0,1,0,1
424,1,0,0,1,0,0,1,0,1,0,0,1,1,0,0,0,1,0
425,1,0,0,1,0,0,1,0,1,0,0,1,1,0,0,0,0,1
426,1,0,0,1,0,0,1,0,1,0,0,1,0,1,0,0,1,0
427,1,0,0,1,0,0,1,0,1,0,0,1,0,1,0,0,0,1
428,1,0,0,1,0,0,1,0,1,0,0,1,0,0,1,0,1,0
429,1,0,0,1,0,0,1,0,1,0,0,1,0,0,1,0,0,1
430,1,0,0,1,0,0,1,0,1,0,0,1,0,0,0,1,1,0
431,1,0,0,1,0,0,1,0,1,0,0,1,0,0,0,1,0,1
